Rank,Artist Name,In AuraDB,Status,Albums,Eras,Unique Songs,Total Variants,Reddit Present,Reddit Score,Primary Subreddit,Priority,Notes
1,"Billie Eilish",YES,âœ… LOADED,4,4,1304,1949,YES,9.93,billieeilish,COMPLETE,"ğŸ”¥ Viral on Reddit - Massive catalog with 1304 unique songs"
2,"Bad Bunny",YES,âœ… LOADED,0,0,0,0,NO,0.0,,INCOMPLETE,"âŒ No Reddit presence - Catalog empty, needs investigation"
3,"Taylor Swift",YES,âœ… LOADED,3,3,451,706,YES,11.53,TaylorSwift,COMPLETE,"ğŸ”¥ Viral on Reddit - Era-based organization working well"
4,"The Weeknd",YES,âœ… LOADED,0,0,0,0,YES,23.6,TheWeeknd,INCOMPLETE,"ğŸ”¥ Viral on Reddit - Catalog empty, needs investigation"
5,"Drake",YES,âœ… LOADED,0,0,0,0,YES,62.47,Drizzy,INCOMPLETE,"ğŸ”¥ Viral on Reddit - Catalog empty, needs investigation"
6,"Bruno Mars",YES,âœ… LOADED,0,0,0,0,NO,0.0,,INCOMPLETE,"âŒ No Reddit presence - Catalog empty, needs investigation"
7,"Ariana Grande",YES,âœ… LOADED,30,30,1137,1137,YES,0.1,ArianaGrande,COMPLETE,"ğŸ’¤ Minimal Reddit activity - Comprehensive 30-era catalog"
8,"Ed Sheeran",YES,âœ… LOADED,0,0,0,0,YES,29.24,EdSheeran,INCOMPLETE,"ğŸ”¥ Viral on Reddit - Catalog empty, needs investigation"
9,"Kendrick Lamar",NO,âŒ MISSING,,,,,YES,14.32,KendrickLamar,HIGH,"ğŸ”¥ Viral on Reddit - Essential hip-hop artist missing"
10,"Eminem",YES,âœ… LOADED,49,49,2078,2626,YES,11.71,Eminem,COMPLETE,"ğŸ”¥ Viral on Reddit - Massive 49-era catalog"
11,"BTS",YES,âœ… LOADED,3,3,235,292,YES,0.08,BTS,COMPLETE,"ğŸ’¤ Minimal Reddit activity - K-pop with 3 eras"
12,"Lady Gaga",YES,âœ… LOADED,0,0,0,0,YES,35.91,LadyGaga,INCOMPLETE,"ğŸ”¥ Viral on Reddit - Catalog empty, needs investigation"
13,"Coldplay",NO,âŒ MISSING,,,,,YES,15.19,Coldplay,HIGH,"ğŸ”¥ Viral on Reddit - Major band missing"
14,"Sabrina Carpenter",NO,âŒ MISSING,,,,,YES,34.94,SabrinaCarpenter,HIGH,"ğŸ”¥ Viral on Reddit - Rising star missing"
15,"KAROL G",NO,âŒ MISSING,,,,,NO,0.0,,MEDIUM,"âŒ No Reddit presence - Latin music leader"
16,"SZA",NO,âŒ MISSING,,,,,YES,41.95,sza,HIGH,"ğŸ”¥ Viral on Reddit - R&B star missing"
17,"Justin Bieber",YES,âœ… LOADED,0,0,0,0,YES,34.17,JustinBieber,INCOMPLETE,"ğŸ”¥ Viral on Reddit - Catalog empty, needs investigation"
18,"Post Malone",YES,âœ… LOADED,0,0,0,0,YES,49.78,PostMalone,INCOMPLETE,"ğŸ”¥ Viral on Reddit - Catalog empty, needs investigation"
19,"Morgan Wallen",NO,âŒ MISSING,,,,,YES,30.31,MorganWallen,HIGH,"ğŸ”¥ Viral on Reddit - Country superstar missing"
20,"Rihanna",YES,âœ… LOADED,0,0,0,0,YES,0.47,rihanna,INCOMPLETE,"ğŸ“Š Present on Reddit - Catalog empty, needs investigation"
21,"Lana Del Rey",NO,âŒ MISSING,,,,,YES,41.98,lanadelrey,HIGH,"ğŸ”¥ Viral on Reddit - Alternative pop icon missing"
22,"Dua Lipa",YES,âœ… LOADED,0,0,0,0,YES,46.25,DuaLipa,INCOMPLETE,"ğŸ”¥ Viral on Reddit - Catalog empty, needs investigation"
23,"Queen",NO,âŒ MISSING,,,,,YES,6.92,queen,MEDIUM,"âš¡ Popular on Reddit - Classic rock legends"
24,"Maroon 5",NO,âŒ MISSING,,,,,NO,0.0,,MEDIUM,"âŒ No Reddit presence - Pop rock band"
25,"Fuerza Regida",NO,âŒ MISSING,,,,,NO,0.0,,MEDIUM,"âŒ No Reddit presence - Regional Mexican"
26,"Linkin Park",NO,âŒ MISSING,,,,,YES,22.57,LinkinPark,MEDIUM,"ğŸ”¥ Viral on Reddit - Nu-metal legends"
27,"XXXTENTACION",NO,âŒ MISSING,,,,,YES,25.36,XXXTENTACION,MEDIUM,"ğŸ”¥ Viral on Reddit - Hip-hop artist"
28,"Shakira",NO,âŒ MISSING,,,,,NO,0.0,,MEDIUM,"âŒ No Reddit presence - Latin pop icon"
29,"Tate McRae",NO,âŒ MISSING,,,,,YES,28.11,TateMcRae,MEDIUM,"ğŸ”¥ Viral on Reddit - Pop rising star"
30,"Benson Boone",NO,âŒ MISSING,,,,,NO,0.0,,MEDIUM,"âŒ No Reddit presence - Emerging artist"
31,"Tyler, The Creator",NO,âŒ MISSING,,,,,YES,28.78,tylerthecreator,MEDIUM,"ğŸ”¥ Viral on Reddit - Hip-hop innovator"
32,"Travis Scott",NO,âŒ MISSING,,,,,YES,79.23,travisscott,MEDIUM,"ğŸ”¥ Viral on Reddit - Hip-hop star"
33,"Arctic Monkeys",YES,âœ… LOADED,17,17,709,787,YES,22.76,arcticmonkeys,COMPLETE,"ğŸ”¥ Viral on Reddit - Comprehensive 17-era catalog"
34,"Peso Pluma",NO,âŒ MISSING,,,,,NO,0.0,,MEDIUM,"âŒ No Reddit presence - Regional Mexican star"
35,"David Guetta",NO,âŒ MISSING,,,,,NO,0.0,,MEDIUM,"âŒ No Reddit presence - EDM producer"
36,"Junior H",NO,âŒ MISSING,,,,,NO,0.0,,MEDIUM,"âŒ No Reddit presence - Regional Mexican"
37,"Olivia Rodrigo",YES,âœ… LOADED,0,0,0,0,YES,34.91,oliviarodrigo,INCOMPLETE,"ğŸ”¥ Viral on Reddit - Catalog empty, needs investigation"
38,"Chris Brown",NO,âŒ MISSING,,,,,YES,1.74,chrisbrown,MEDIUM,"ğŸ“Š Present on Reddit - R&B/Pop artist"
39,"Michael Jackson",NO,âŒ MISSING,,,,,YES,10.41,MichaelJackson,MEDIUM,"âš¡ Popular on Reddit - King of Pop"
40,"sombr",NO,âŒ MISSING,,,,,NO,0.0,,LOW,"âŒ No Reddit presence - Emerging artist"
41,"BeyoncÃ©",YES,âœ… LOADED,43,43,2197,2894,YES,3.07,Beyonce,COMPLETE,"ğŸ“Š Present on Reddit - Massive 43-era catalog"
42,"Doja Cat",NO,âŒ MISSING,,,,,YES,31.91,DojaCat,MEDIUM,"ğŸ”¥ Viral on Reddit - Pop-rap star"
43,"Selena Gomez",NO,âŒ MISSING,,,,,YES,0.32,SelenaGomez,MEDIUM,"ğŸ“Š Present on Reddit - Pop artist"
44,"Alex Warren",NO,âŒ MISSING,,,,,NO,0.0,,LOW,"âŒ No Reddit presence - Social media artist"
45,"Juice WRLD",NO,âŒ MISSING,,,,,YES,24.99,JuiceWRLD,MEDIUM,"ğŸ”¥ Viral on Reddit - Hip-hop artist"
46,"Imagine Dragons",NO,âŒ MISSING,,,,,YES,7.41,imaginedragons,MEDIUM,"âš¡ Popular on Reddit - Alternative rock"
47,"Shawn Mendes",NO,âŒ MISSING,,,,,YES,0.38,ShawnMendes,MEDIUM,"ğŸ“Š Present on Reddit - Pop singer-songwriter"
48,"Metallica",NO,âŒ MISSING,,,,,YES,0.95,Metallica,MEDIUM,"ğŸ“Š Present on Reddit - Metal legends"
49,"The Beatles",NO,âŒ MISSING,,,,,YES,3.31,beatles,MEDIUM,"ğŸ“Š Present on Reddit - Music legends"
50,"Gracie Abrams",NO,âŒ MISSING,,,,,YES,62.11,GracieAbrams,MEDIUM,"ğŸ”¥ Viral on Reddit - Indie pop"
51,"Chappell Roan",NO,âŒ MISSING,,,,,NO,0.0,,MEDIUM,"âŒ No Reddit presence - Rising pop star"
52,"Twenty One Pilots",NO,âŒ MISSING,,,,,YES,5.41,twentyonepilots,MEDIUM,"âš¡ Popular on Reddit - Alternative duo"
53,"ROSÃ‰",NO,âŒ MISSING,,,,,NO,0.0,,MEDIUM,"âŒ No Reddit presence - K-pop solo artist"
54,"Frank Ocean",YES,âœ… LOADED,17,17,709,787,YES,42.51,FrankOcean,COMPLETE,"ğŸ”¥ Viral on Reddit - 17-era alternative R&B catalog"
55,"Sia",NO,âŒ MISSING,,,,,YES,0.42,sia,MEDIUM,"ğŸ“Š Present on Reddit - Pop artist"
56,"Calvin Harris",NO,âŒ MISSING,,,,,NO,0.0,,MEDIUM,"âŒ No Reddit presence - EDM producer"
57,"Charli xcx",NO,âŒ MISSING,,,,,YES,27.31,charlixcx,MEDIUM,"ğŸ”¥ Viral on Reddit - Pop innovator"
58,"J. Cole",NO,âŒ MISSING,,,,,YES,5.39,Jcole,MEDIUM,"âš¡ Popular on Reddit - Hip-hop artist"
59,"Playboi Carti",NO,âŒ MISSING,,,,,YES,51.16,playboicarti,MEDIUM,"ğŸ”¥ Viral on Reddit - Hip-hop artist"
60,"Zach Bryan",NO,âŒ MISSING,,,,,YES,31.15,zachbryan,MEDIUM,"ğŸ”¥ Viral on Reddit - Country artist"
61,"Future",NO,âŒ MISSING,,,,,NO,0.0,,MEDIUM,"âŒ No Reddit presence - Hip-hop artist"
62,"AC/DC",NO,âŒ MISSING,,,,,YES,2.13,ACDC,MEDIUM,"ğŸ“Š Present on Reddit - Rock legends"
63,"Teddy Swims",NO,âŒ MISSING,,,,,NO,0.0,,MEDIUM,"âŒ No Reddit presence - Soul/R&B artist"
64,"Kali Uchis",NO,âŒ MISSING,,,,,YES,21.13,kaliuchis,MEDIUM,"ğŸ”¥ Viral on Reddit - Alternative R&B"
65,"Radiohead",NO,âŒ MISSING,,,,,YES,1.77,radiohead,MEDIUM,"ğŸ“Š Present on Reddit - Alternative rock legends"
66,"Guns N' Roses",NO,âŒ MISSING,,,,,YES,1.57,gunsnroses,MEDIUM,"ğŸ“Š Present on Reddit - Hard rock legends"
67,"Tito Double P",NO,âŒ MISSING,,,,,NO,0.0,,LOW,"âŒ No Reddit presence - Regional Mexican"
68,"Stray Kids",NO,âŒ MISSING,,,,,NO,0.0,,MEDIUM,"âŒ No Reddit presence - K-pop group"
69,"Red Hot Chili Peppers",NO,âŒ MISSING,,,,,YES,1.12,RedHotChiliPeppers,MEDIUM,"ğŸ“Š Present on Reddit - Alternative rock"
70,"Pitbull",NO,âŒ MISSING,,,,,NO,0.0,,MEDIUM,"âŒ No Reddit presence - Latin pop/hip-hop"
71,"Nirvana",NO,âŒ MISSING,,,,,YES,0.81,Nirvana,MEDIUM,"ğŸ“Š Present on Reddit - Grunge legends"
72,"The Chainsmokers",NO,âŒ MISSING,,,,,NO,0.0,,MEDIUM,"âŒ No Reddit presence - EDM duo"
73,"The Neighbourhood",NO,âŒ MISSING,,,,,YES,14.34,thenbhd,MEDIUM,"ğŸ”¥ Viral on Reddit - Alternative rock"
74,"Katy Perry",NO,âŒ MISSING,,,,,YES,0.15,katyperry,MEDIUM,"ğŸ“Š Present on Reddit - Pop star"
75,"BLACKPINK",NO,âŒ MISSING,,,,,NO,0.0,,MEDIUM,"âŒ No Reddit presence - K-pop group"
76,"Fleetwood Mac",NO,âŒ MISSING,,,,,YES,1.82,fleetwoodmac,MEDIUM,"ğŸ“Š Present on Reddit - Classic rock"
77,"Khalid",NO,âŒ MISSING,,,,,NO,0.0,,MEDIUM,"âŒ No Reddit presence - R&B artist"
78,"Metro Boomin",NO,âŒ MISSING,,,,,NO,0.0,,MEDIUM,"âŒ No Reddit presence - Hip-hop producer"
79,"The MarÃ­as",NO,âŒ MISSING,,,,,NO,0.0,,MEDIUM,"âŒ No Reddit presence - Indie pop"
80,"James Arthur",NO,âŒ MISSING,,,,,NO,0.0,,MEDIUM,"âŒ No Reddit presence - Pop singer-songwriter"
81,"Luke Combs",NO,âŒ MISSING,,,,,YES,7.04,lukecombs,MEDIUM,"âš¡ Popular on Reddit - Country artist"
82,"Grupo Frontera",NO,âŒ MISSING,,,,,NO,0.0,,MEDIUM,"âŒ No Reddit presence - Regional Mexican"
83,"A$AP Rocky",NO,âŒ MISSING,,,,,YES,16.24,asaprocky,MEDIUM,"ğŸ”¥ Viral on Reddit - Hip-hop artist"
84,"Cigarettes After Sex",NO,âŒ MISSING,,,,,YES,19.83,cigarettesaftersex,LOW,"ğŸ”¥ Viral on Reddit - Ambient pop"
85,"Lil Wayne",NO,âŒ MISSING,,,,,YES,3.85,lilwayne,MEDIUM,"ğŸ“Š Present on Reddit - Hip-hop legend"
86,"Nicki Minaj",NO,âŒ MISSING,,,,,YES,11.85,nickiminaj,MEDIUM,"âš¡ Popular on Reddit - Hip-hop star"
87,"Lil Tecca",NO,âŒ MISSING,,,,,NO,0.0,,LOW,"âŒ No Reddit presence - Hip-hop artist"
88,"j-hope",NO,âŒ MISSING,,,,,NO,0.0,,MEDIUM,"âŒ No Reddit presence - BTS member solo"
89,"Harry Styles",YES,âœ… LOADED,2,2,207,217,YES,47.92,HarryStyles,COMPLETE,"ğŸ”¥ Viral on Reddit - Clean 2-era catalog"
90,"Neton Vega",NO,âŒ MISSING,,,,,NO,0.0,,LOW,"âŒ No Reddit presence - Regional Mexican"
91,"PARTYNEXTDOOR",NO,âŒ MISSING,,,,,NO,0.0,,LOW,"âŒ No Reddit presence - R&B artist"
92,"Alan Walker",NO,âŒ MISSING,,,,,YES,9.34,alanwalker,MEDIUM,"âš¡ Popular on Reddit - EDM producer"
93,"JENNIE",NO,âŒ MISSING,,,,,NO,0.0,,MEDIUM,"âŒ No Reddit presence - BLACKPINK member"
94,"Jimin",NO,âŒ MISSING,,,,,NO,0.0,,MEDIUM,"âŒ No Reddit presence - BTS member solo"
95,"NIKI",NO,âŒ MISSING,,,,,NO,0.0,,LOW,"âŒ No Reddit presence - Indonesian R&B"
96,"21 Savage",NO,âŒ MISSING,,,,,NO,0.0,,MEDIUM,"âŒ No Reddit presence - Hip-hop artist"
97,"Lil Baby",NO,âŒ MISSING,,,,,YES,3.41,lilbaby,MEDIUM,"ğŸ“Š Present on Reddit - Hip-hop artist"
98,"Lorde",NO,âŒ MISSING,,,,,YES,5.06,lorde,MEDIUM,"âš¡ Popular on Reddit - Alternative pop"
99,"Green Day",NO,âŒ MISSING,,,,,YES,3.89,greenday,MEDIUM,"ğŸ“Š Present on Reddit - Punk rock legends"
100,"Daniel Caesar",NO,âŒ MISSING,,,,,YES,27.6,danielcaesar,MEDIUM,"ğŸ”¥ Viral on Reddit - R&B artist" 